int 6, string 20, string 20, string 10, string 10, int 4
IDusuario,Nombres,Apellidos,FechaInscripcion,FechaUltimoPrestamo,IDLibroPrestadoActualmente
1,James,Taylor,2023-04-15,2024-10-02,83
2,Tara,Taylor,2020-08-16,2024-04-12,10
3,Angela,Thompson,2022-09-14,2024-02-10,52
4,Rebecca,Summers,2020-12-27,2021-02-02,67
5,Frances,Perez,2024-02-26,2024-03-27,78
6,David,Lee,2021-11-25,2023-05-29,26
7,Daniel,Serrano,2023-06-08,2024-12-08,85
8,Christina,Atkins,2022-12-18,2025-02-12,76
9,Devin,Greene,2022-09-09,2024-07-03,2
10,Kimberly,Robinson,2022-11-29,2025-07-19,38
11,Robert,Calderon,2022-04-01,2024-05-10,39
12,Thomas,Mclaughlin,2022-10-27,2023-10-13,63
13,Katherine,Ferrell,2022-03-09,2022-05-03,51
14,Michelle,Hamilton,2023-02-13,2023-11-21,32
15,Benjamin,Brooks,2024-02-20,2025-01-31,20
16,Gloria,Moreno,2020-09-08,2024-04-02,79
17,Edward,Solis,2020-09-29,2024-02-27,15
18,Kathryn,Branch,2024-06-15,2024-12-24,40
19,Leslie,Lopez,2024-04-10,2024-08-18,84
20,John,Delacruz,2020-11-29,2022-07-23,91
21,Eric,Gallegos,2022-11-23,2024-09-01,90
22,Ronald,Valentine,2022-07-13,2025-05-21,84
23,Michelle,Mullen,2024-07-13,2025-03-24,100
24,Kimberly,Winters,2022-11-17,2023-11-09,
25,Randall,Ross,2021-10-05,2025-04-25,20
26,Wendy,Woodard,2021-08-25,2021-11-08,86
27,Joseph,Gonzalez,2023-06-15,2023-10-25,9
28,Kevin,Velasquez,2021-02-01,2023-04-19,59
29,Andrea,Acosta,2024-07-10,2025-01-15,25
30,Jason,Miranda,2022-09-21,2024-07-09,1
31,James,Green,2023-05-21,2024-03-21,69
32,Jordan,Walters,2023-12-05,2024-02-05,56
33,Katelyn,Bailey,2023-11-10,2025-01-14,67
34,Timothy,Ponce,2022-05-16,2023-06-02,17
35,Debbie,Moreno,2023-06-09,2025-04-20,39
36,Mitchell,Parsons,2023-10-20,2024-05-22,68
37,Martin,Anderson,2021-01-05,2022-07-03,82
38,Angela,Stone,2024-05-30,2025-01-02,27
39,Joshua,Barrett,2021-10-28,2025-07-24,16
40,Brady,Rosales,2021-08-07,2024-02-18,95
41,Paul,Davis,2023-10-22,2024-04-09,11
42,Brandi,Reid,2023-03-27,2024-01-05,2
43,Brian,Knox,2023-06-26,2025-06-03,37
44,Madison,Terry,2021-04-16,2023-03-27,47
45,Christina,Jones,2022-12-04,2024-09-06,43
46,Natasha,Peters,2022-11-13,2023-01-19,39
47,Marcus,Thompson,2024-06-05,2024-12-21,44
48,Donna,Frederick,2021-03-18,2024-08-19,19
49,Christopher,Davis,2024-02-16,2024-04-19,100
50,Jennifer,Brown,2021-08-15,2024-07-27,73
51,Deanna,Escobar,2021-03-24,2024-03-28,39
52,Alyssa,Cabrera,2024-07-12,2024-10-24,43
53,Fernando,Gonzalez,2023-11-17,2024-06-15,20
54,Jacqueline,Schmidt,2021-02-04,2021-04-23,91
55,Robert,Palmer,2022-04-27,2023-04-30,76
56,William,Carter,2024-01-20,2025-02-17,14
57,Lindsey,Tanner,2022-03-23,2025-02-02,
58,George,Kelly,2021-04-03,2022-08-25,68
59,Katie,Jimenez,2021-01-13,2024-05-30,69
60,Edward,White,2021-03-31,2023-11-22,29
61,Thomas,Weber,2021-11-01,2023-06-06,40
62,Suzanne,Lee,2023-10-03,2025-07-18,5
63,Tracy,Delgado,2024-07-11,2024-08-15,2
64,Donald,Nielsen,2022-01-30,2023-11-19,99
65,Maria,Long,2024-07-04,2025-06-19,44
66,Kyle,Brooks,2024-03-15,2025-05-18,3
67,Scott,Brown,2022-04-08,2022-04-08,37
68,James,Reed,2023-12-07,2024-03-25,60
69,Donna,Woods,2021-12-06,2024-09-20,24
70,Jennifer,Cook,2023-12-28,2024-02-12,95
71,Jessica,Miller,2023-09-29,2023-11-06,47
72,Joseph,Mullins,2022-03-18,2023-10-09,94
73,Megan,Beltran,2023-03-16,2023-06-02,35
74,Danielle,Ross,2021-07-26,2022-10-23,94
75,Lynn,Williamson,2022-01-02,2022-03-21,13
76,Alec,Hayden,2023-11-13,2024-11-02,70
77,Andrea,Johnson,2024-02-07,2024-03-29,18
78,Richard,Munoz,2024-03-06,2024-06-04,50
79,Linda,Costa,2022-04-06,2023-10-11,26
80,Kevin,Mcguire,2024-04-30,2025-01-01,3
81,Deborah,Jackson,2023-12-27,2024-11-06,
82,Charles,Kirk,2021-04-10,2021-09-25,55
83,Levi,Hudson,2020-12-29,2023-06-19,
84,Alison,Green,2021-03-05,2024-08-17,98
85,John,Mcdonald,2022-05-22,2023-11-11,14
86,Joyce,Hernandez,2023-03-10,2025-05-21,67
87,Krystal,Smith,2022-10-18,2023-06-23,91
88,Trevor,Johnson,2021-11-11,2025-06-02,78
89,Erica,Rowe,2023-04-29,2023-11-29,7
90,Virginia,Martinez,2022-02-26,2022-06-22,46
91,Joel,Green,2021-09-04,2024-12-05,70
92,Jacob,Brown,2021-06-03,2023-09-26,2
93,Mario,Jenkins,2021-11-30,2024-12-15,94
94,Allison,Meyer,2024-03-26,2024-05-22,54
95,Vicki,Quinn,2023-01-16,2025-06-12,10
96,Robert,Sanders,2024-06-27,2025-03-19,46
97,Nancy,Meza,2022-11-28,2023-11-10,12
98,Scott,Hall,2024-03-15,2024-10-20,86
99,Kayla,Thompson,2020-10-29,2021-12-06,79
100,Sarah,Briggs,2024-02-10,2024-09-01,21
101,Laura,Graham,2023-08-05,2023-08-25,48
102,John,Garza,2023-01-16,2025-07-17,21
103,Chris,Miller,2021-05-05,2022-08-25,31
104,Grant,Green,2021-07-09,2021-07-28,7
105,Alex,King,2024-04-13,2025-07-19,46
106,Michael,Williams,2021-01-23,2021-03-18,2
107,Patrick,Higgins,2024-03-11,2024-08-24,32
108,Brenda,Mcknight,2020-09-26,2024-06-09,2
109,John,Miller,2020-08-25,2024-01-26,78
110,Travis,Roberts,2021-07-13,2022-01-18,89
111,Melissa,Klein,2021-06-18,2024-01-20,83
112,Adrienne,Shaw,2024-03-12,2024-11-24,32
113,Bryan,Massey,2022-02-04,2023-07-29,88
114,Timothy,Weber,2022-05-28,2024-01-15,96
115,Jackie,Reynolds,2020-08-22,2024-07-01,87
116,Gabriella,Burns,2022-01-24,2022-04-18,6
117,Steven,Adams,2021-11-05,2024-12-02,62
118,Vanessa,Hill,2021-06-11,2022-05-29,17
119,Paul,Adams,2022-05-12,2022-07-29,13
120,Joshua,Huffman,2024-05-21,2024-12-01,
121,Tracy,Ford,2020-11-13,2021-01-15,62
122,Patrick,Ellis,2023-07-02,2024-06-27,81
123,Maureen,Watson,2023-07-20,2023-11-10,
124,Jennifer,Thompson,2023-12-01,2024-05-24,24
125,Ricky,Beard,2024-02-18,2024-06-21,83
126,David,Fitzgerald,2021-06-20,2022-09-27,22
127,Ian,Bullock,2020-11-19,2024-11-27,35
128,Robert,Salinas,2024-02-14,2025-05-21,16
129,Maria,Lutz,2022-04-21,2024-11-02,38
130,Brittany,Atkinson,2022-02-04,2025-07-22,90
131,Tammy,Carson,2023-02-12,2025-04-10,71
132,Justin,Foster,2021-08-24,2025-04-13,
133,Shelly,Bennett,2021-06-12,2024-12-29,32
134,Blake,Perry,2024-06-16,2025-03-14,
135,Laura,Baxter,2024-01-17,2024-04-19,42
136,Wesley,Foster,2024-07-08,2024-12-17,51
137,Nicholas,Thomas,2022-10-27,2024-01-27,70
138,Toni,Bryant,2024-05-16,2024-08-13,14
139,Cynthia,Whitney,2021-02-08,2023-05-12,17
140,James,Ruiz,2021-07-03,2021-07-12,73
141,Clifford,Williams,2023-05-07,2023-05-09,86
142,Diana,Miller,2020-08-21,2022-05-19,51
143,Benjamin,Pham,2022-03-20,2023-07-20,51
144,Jessica,Munoz,2022-07-15,2023-08-19,67
145,Cynthia,Kennedy,2021-05-25,2023-09-11,88
146,Samuel,Lawrence,2024-07-14,2025-01-28,6
147,Nicole,Castro,2020-10-22,2021-01-11,44
148,Glenn,Williams,2022-02-05,2022-04-10,
149,Brian,Cruz,2021-08-14,2024-01-03,45
150,Kevin,Torres,2024-05-07,2025-04-09,75
151,Daniel,Thompson,2021-07-11,2024-02-09,7
152,Larry,Hopkins,2021-01-24,2021-11-28,10
153,Michael,Johnson,2024-07-06,2025-06-26,2
154,Nicole,Williams,2023-06-21,2024-09-13,62
155,Jesus,Kim,2024-02-06,2024-06-06,39
156,Tonya,Davis,2021-11-11,2024-01-03,52
157,Katrina,Curtis,2024-01-28,2024-08-22,77
158,Erin,Mills,2022-09-01,2023-01-22,3
159,Zachary,Chapman,2023-04-11,2024-03-26,68
160,Victoria,Stewart,2021-04-02,2023-02-19,78
161,Melissa,Perry,2022-02-25,2023-07-22,77
162,Joseph,Coleman,2021-01-28,2023-05-31,81
163,Melissa,Edwards,2022-07-01,2024-09-01,28
164,Caleb,Lewis,2020-09-14,2021-02-12,19
165,Melissa,Gonzalez,2024-02-20,2025-01-02,72
166,Dennis,Russo,2023-12-08,2024-01-22,92
167,James,Brewer,2023-04-12,2023-11-29,53
168,Charles,Hart,2021-03-05,2021-09-30,39
169,Diana,Martinez,2022-11-02,2025-05-04,49
170,Brian,Savage,2024-03-02,2024-04-13,37
171,Jennifer,Rodgers,2023-05-07,2024-01-03,64
172,Timothy,Perez,2023-09-20,2023-11-07,19
173,Cynthia,Davidson,2023-02-20,2023-07-12,41
174,Alan,Fields,2022-08-08,2022-10-02,61
175,Amber,Marshall,2021-01-21,2021-03-10,
176,Kathleen,Bradley,2023-11-14,2024-02-10,34
177,Jennifer,Johnson,2020-09-11,2023-08-20,86
178,Jennifer,Kline,2022-06-29,2023-04-13,100
179,William,Cook,2021-09-17,2023-06-25,39
180,Paige,Munoz,2020-09-29,2022-03-25,36
181,Paula,Brown,2023-06-28,2023-10-18,80
182,Jesse,Chen,2024-04-29,2025-04-12,56
183,Dean,Davis,2022-05-15,2025-05-01,12
184,Steven,Leblanc,2020-10-30,2021-08-20,84
185,William,Johnson,2023-08-30,2025-06-09,22
186,Frank,Jones,2023-03-01,2023-10-31,61
187,Lisa,Cooper,2023-04-22,2024-03-31,86
188,James,Goodman,2022-11-16,2024-09-12,16
189,Andrew,Arnold,2023-01-13,2024-09-21,4
190,Willie,Crawford,2020-10-23,2025-02-21,22
191,Joseph,Villanueva,2022-12-15,2024-08-29,27
192,Shaun,Baldwin,2021-03-28,2025-02-28,62
193,Matthew,Leon,2021-03-21,2022-10-07,17
194,Devin,Scott,2022-05-12,2022-09-08,75
195,Douglas,Taylor,2021-07-14,2024-05-10,35
196,Brooke,Velasquez,2023-07-16,2025-01-02,41
197,William,Rice,2020-11-22,2020-12-28,51
198,Laura,Adams,2022-01-25,2024-11-04,85
199,Christopher,Horn,2022-11-05,2024-09-10,33
200,Steven,Duncan,2021-07-05,2024-09-09,4
201,Sarah,Jenkins,2020-12-30,2024-04-23,2
202,Dana,Hammond,2023-12-20,2024-09-27,44
203,Patrick,Garcia,2023-06-20,2024-10-13,64
204,Anthony,Wiggins,2023-03-04,2025-04-06,97
205,Teresa,Cole,2023-10-17,2024-02-10,15
206,Anthony,Cannon,2022-07-09,2024-06-19,100
207,Gabrielle,Peters,2022-06-19,2024-01-27,4
208,Leslie,Johnson,2023-09-09,2024-09-24,69
209,Michael,Smith,2020-10-15,2021-04-24,6
210,Anthony,Ali,2022-07-25,2023-10-10,
211,William,Burton,2023-11-28,2025-05-30,67
212,Joshua,Austin,2021-01-21,2023-01-26,9
213,Jennifer,Gutierrez,2021-09-01,2024-04-13,87
214,Rachel,Thomas,2022-05-05,2025-01-17,93
215,Kristopher,Sherman,2021-05-29,2021-10-25,89
216,Timothy,Pitts,2021-07-29,2021-09-08,73
217,Julie,Smith,2023-11-17,2025-02-07,18
218,Amy,Richards,2022-03-21,2025-02-14,88
219,Jessica,Morales,2021-05-29,2024-05-07,96
220,Joshua,Walker,2021-04-24,2023-05-23,69
221,Joseph,Rivera,2021-02-22,2021-04-05,40
222,Kristie,Morgan,2020-09-28,2024-11-08,92
223,Lisa,Johnson,2022-01-11,2022-10-29,23
224,Ashley,Gregory,2021-03-26,2023-07-13,71
225,Andre,Wright,2024-06-13,2024-12-10,50
226,Pamela,Navarro,2023-05-03,2024-03-28,37
227,Cody,Mooney,2023-07-06,2024-08-14,76
228,Karen,Combs,2022-04-30,2023-11-30,37
229,Eileen,Scott,2023-06-18,2023-09-15,58
230,Paul,Vasquez,2024-01-11,2024-11-10,59
231,Toni,Ramos,2023-03-26,2024-02-23,23
232,Kayla,Allen,2023-05-26,2024-01-28,76
233,Tamara,Randall,2020-08-14,2024-08-30,70
234,Alexis,Sullivan,2021-08-02,2022-09-07,31
235,Jesse,Carter,2020-08-27,2022-07-01,80
236,Natalie,Whitney,2021-05-06,2024-07-18,44
237,Ryan,Buchanan,2023-10-19,2025-01-11,52
238,Jessica,Morgan,2023-12-14,2025-03-27,77
239,Jason,Meadows,2023-10-28,2024-01-12,11
240,Alyssa,Branch,2023-03-12,2023-06-15,36
241,Edward,Nichols,2021-11-28,2024-08-10,73
242,Carol,Higgins,2021-11-15,2023-10-20,57
243,Dustin,Salas,2020-10-29,2023-03-04,
244,Julia,Reyes,2022-07-02,2022-09-15,93
245,Frank,Bell,2021-06-20,2021-10-14,44
246,Marvin,Graves,2024-01-17,2024-02-16,45
247,Christine,Wilkinson,2020-11-24,2022-12-16,62
248,Jill,Jackson,2021-11-01,2022-12-28,94
249,Brittany,Orozco,2023-03-04,2025-03-23,46
250,Douglas,Parker,2021-05-29,2024-09-17,10
251,Vanessa,Lewis,2020-09-21,2023-03-16,34
252,Kerry,Parker,2022-01-25,2023-09-22,27
253,Renee,Benton,2024-03-24,2025-05-26,51
254,John,Baker,2022-05-24,2024-05-08,32
255,Kimberly,Johnson,2022-04-10,2024-12-30,17
256,Susan,Costa,2021-08-14,2022-11-14,54
257,Richard,Martin,2023-07-21,2025-03-08,85
258,Garrett,Kim,2024-02-02,2025-01-07,83
259,Jennifer,Lang,2023-04-09,2025-01-10,20
260,Jennifer,Conley,2021-08-18,2022-08-16,28
261,Matthew,Turner,2022-09-05,2023-08-06,16
262,Brandi,Parker,2022-06-18,2023-06-03,64
263,Lisa,Jimenez,2023-05-25,2025-04-01,76
264,Dustin,Hurst,2022-12-30,2023-05-11,43
265,John,Bates,2021-05-06,2025-03-16,32
266,Mark,Cooper,2020-11-19,2023-04-06,53
267,Tracy,Singh,2021-06-20,2022-02-21,54
268,Chelsea,Davenport,2021-11-07,2023-08-17,85
269,Joseph,Lee,2024-04-18,2025-02-22,51
270,Beth,Randolph,2024-03-23,2024-09-19,91
271,Jennifer,Gutierrez,2023-09-16,2025-05-23,64
272,David,Peters,2022-03-04,2022-11-06,10
273,Kelly,Burton,2021-06-08,2022-07-21,81
274,Amanda,Baxter,2020-08-18,2024-06-08,15
275,Angela,Shelton,2021-02-26,2021-04-22,71
276,Andrew,Martinez,2021-04-17,2022-05-28,43
277,Rachel,Gomez,2021-10-02,2022-06-22,71
278,Julia,Kelly,2022-09-28,2022-10-04,54
279,Christina,Harrell,2024-03-22,2024-11-13,59
280,Robin,Johnson,2022-11-27,2024-03-19,39
281,Paula,Reynolds,2023-03-04,2025-01-22,35
282,Shelby,Ho,2022-09-14,2024-05-03,38
283,Jeremy,Herring,2021-07-01,2022-08-17,59
284,Nicole,Thompson,2021-01-11,2023-01-05,6
285,Amber,Rodriguez,2022-05-13,2025-06-13,7
286,Martha,Rogers,2021-09-26,2022-03-05,89
287,Gregory,Johnson,2021-05-06,2024-10-05,4
288,Lisa,Cain,2020-09-11,2021-07-26,77
289,Jackie,Payne,2023-07-18,2025-07-21,2
290,Brett,Gardner,2023-01-16,2023-05-27,32
291,Samantha,Gonzalez,2021-01-28,2025-07-26,53
292,Monique,Torres,2024-07-03,2024-11-22,48
293,Alexis,Pitts,2022-12-26,2023-08-28,94
294,Crystal,Johnson,2023-10-03,2024-06-06,7
295,Grace,Fitzgerald,2023-05-04,2023-10-22,99
296,Nancy,Valentine,2020-12-17,2025-04-03,85
297,Rachel,Walker,2022-09-28,2023-05-08,37
298,Carolyn,Martinez,2021-10-16,2022-10-01,12
299,Laura,Romero,2022-07-14,2022-12-09,28
300,Justin,Frey,2021-02-21,2022-05-31,12
301,Christy,Nunez,2022-09-22,2023-10-13,43
302,Samantha,Baker,2021-12-21,2022-01-25,27
303,Devon,Anderson,2023-06-24,2025-05-28,83
304,Christian,Collins,2021-09-23,2024-09-17,87
305,Scott,Johnson,2024-04-16,2024-06-08,18
306,Lori,Leon,2020-08-08,2021-12-03,47
307,Brenda,Jones,2022-01-06,2022-11-08,63
308,Brian,Garcia,2021-07-19,2022-10-17,65
309,Eric,Chavez,2021-04-21,2025-02-25,78
310,Courtney,Pena,2021-09-14,2021-10-09,
311,Janice,Clark,2023-05-09,2023-10-28,14
312,Andrea,Obrien,2024-01-03,2025-01-25,2
313,Kenneth,Jones,2022-08-19,2022-12-09,80
314,Christie,Wells,2024-05-21,2025-01-05,5
315,Holly,Maynard,2023-06-30,2024-07-29,36
316,Sharon,Estrada,2022-10-01,2024-05-11,
317,Lisa,Smith,2022-04-23,2024-07-26,95
318,Amy,Valdez,2021-09-21,2024-04-15,22
319,Colleen,Hall,2024-06-29,2024-11-02,17
320,James,Farmer,2024-02-05,2024-06-21,3
321,Kyle,Zamora,2022-02-21,2025-01-16,54
322,Nicole,Barnes,2022-06-11,2022-12-25,60
323,Summer,Johnson,2023-06-03,2023-10-18,28
324,Brandon,Cruz,2020-08-07,2021-02-06,91
325,Amanda,Hall,2020-11-07,2021-08-17,2
326,Mandy,Harris,2024-05-23,2024-05-24,
327,Susan,Cameron,2021-05-31,2023-02-02,27
328,Melanie,Hughes,2020-08-18,2022-08-17,43
329,Robert,Anderson,2021-05-13,2021-09-14,70
330,Amber,Avila,2020-08-20,2024-07-25,28
331,Veronica,Randall,2024-02-05,2024-02-13,7
332,Valerie,Burton,2024-02-07,2025-02-11,21
333,Mercedes,Taylor,2022-04-29,2023-05-31,79
334,Sheila,Santana,2022-06-02,2025-01-10,70
335,Lisa,Wagner,2023-03-11,2023-03-17,72
336,Lindsey,Cole,2023-05-28,2025-06-01,49
337,Stacy,Wise,2023-01-25,2023-06-17,86
338,Zachary,Watkins,2020-08-14,2021-04-27,19
339,Thomas,Gomez,2022-01-18,2023-11-20,14
340,Jessica,Gray,2024-06-12,2024-07-15,46
341,Patrick,Avila,2023-12-08,2024-12-27,99
342,Wendy,Silva,2024-03-06,2025-07-11,38
343,Cody,Thompson,2024-06-26,2024-10-13,38
344,Donald,Love,2020-09-24,2023-06-07,80
345,Joseph,Brooks,2023-08-14,2025-02-03,
346,Natalie,Simmons,2020-11-21,2022-05-12,81
347,Dana,Gray,2020-10-10,2023-04-24,55
348,Gregory,Munoz,2020-10-26,2025-01-29,27
349,Taylor,Thomas,2023-05-19,2024-12-11,22
350,Mark,Ryan,2021-12-22,2024-01-11,89
351,Thomas,Atkinson,2020-10-29,2021-02-28,14
352,Travis,Lucero,2023-06-15,2023-11-23,52
353,Peter,Maxwell,2022-09-19,2025-01-13,92
354,Ashley,Farrell,2022-03-04,2025-03-11,53
355,Jessica,Ayers,2021-11-10,2025-05-24,64
356,Danny,Hamilton,2021-02-24,2024-11-05,52
357,Brian,Mcguire,2024-03-20,2025-01-29,10
358,Eric,Barry,2021-05-09,2025-04-13,43
359,Adrian,Lucas,2020-11-19,2022-08-26,36
360,Steven,Brown,2022-09-25,2023-12-10,78
361,Michael,Lewis,2021-01-20,2022-03-08,36
362,Matthew,Wallace,2024-07-15,2025-03-08,58
363,Jonathan,Jones,2022-05-23,2022-10-12,53
364,Tiffany,Sanchez,2022-04-04,2022-04-08,50
365,Ryan,Moore,2023-05-14,2024-03-10,13
366,David,Contreras,2022-05-29,2023-11-04,75
367,Brandon,Castro,2022-12-17,2025-01-24,22
368,Stephanie,Moore,2022-02-20,2023-01-19,43
369,Amber,Pacheco,2022-12-13,2023-09-21,100
370,Mark,Adams,2020-12-11,2021-03-21,40
371,James,Freeman,2023-04-06,2025-05-07,100
372,Brittany,Pratt,2020-09-12,2024-07-16,73
373,Dylan,Green,2022-06-21,2022-06-26,70
374,Dylan,Schneider,2020-08-25,2025-05-16,71
375,Jennifer,Garrison,2021-12-18,2024-05-05,9
376,Gwendolyn,Johnson,2024-07-08,2025-04-10,49
377,Angela,Burnett,2024-05-10,2024-07-09,69
378,John,Smith,2022-01-20,2024-07-03,43
379,Charles,Miller,2024-02-13,2025-02-11,54
380,Travis,Torres,2022-08-13,2024-11-01,65
381,Carol,Henry,2022-07-29,2024-03-13,70
382,Grace,Gutierrez,2022-07-30,2023-01-29,31
383,Haley,Anderson,2023-10-03,2024-05-11,96
384,Jeremy,Bailey,2023-03-09,2023-07-20,34
385,Michael,Gill,2024-01-12,2024-06-19,38
386,Connor,Smith,2023-05-18,2023-07-07,32
387,Ronald,Hess,2021-09-27,2023-10-04,64
388,Keith,Dixon,2022-02-11,2025-07-08,7
389,Debbie,Hall,2022-07-26,2023-07-30,49
390,Rachel,Briggs,2021-07-19,2022-08-01,61
391,Tara,Torres,2022-11-16,2022-12-21,47
392,George,Becker,2021-12-19,2023-06-07,100
393,Evelyn,Floyd,2021-07-06,2021-12-31,95
394,James,Garza,2023-05-21,2024-04-24,54
395,Jennifer,Caldwell,2020-11-21,2025-02-10,99
396,Heather,Reed,2023-08-12,2025-04-19,92
397,James,Strong,2021-01-24,2021-08-01,40
398,Cynthia,Monroe,2022-10-09,2024-05-06,10
399,Danielle,Bryant,2024-02-11,2024-09-09,15
400,Kenneth,Ayers,2022-03-08,2024-04-20,28
401,Ronald,Bennett,2021-12-08,2023-01-18,82
402,Amanda,Allen,2023-01-22,2024-02-15,18
403,Randy,Bryant,2022-04-09,2025-03-04,16
404,Kimberly,Smith,2022-03-04,2023-10-01,97
405,Joseph,Smith,2022-11-30,2024-03-15,70
406,Beth,Lowe,2022-03-27,2024-05-15,68
407,Adam,Rivera,2021-06-29,2023-02-14,81
408,Luis,Jones,2024-05-07,2025-01-10,47
409,Alicia,Roberts,2020-07-30,2023-12-12,90
410,Mike,Lawrence,2021-05-05,2025-01-23,49
411,Terrence,Hanson,2020-11-27,2023-09-27,1
412,Joshua,Taylor,2022-03-30,2022-04-20,84
413,Tina,Hubbard,2024-02-12,2024-06-02,84
414,William,Walsh,2024-01-29,2024-06-04,58
415,Alicia,Howard,2020-12-25,2022-08-01,58
416,Andrew,Martinez,2024-06-12,2025-05-27,22
417,Erin,Freeman,2022-06-11,2024-07-06,53
418,John,Brown,2021-01-25,2024-12-03,44
419,Jennifer,Alvarez,2020-11-13,2024-01-03,94
420,Timothy,Robertson,2022-07-02,2025-03-11,80
421,Larry,Valenzuela,2024-05-14,2024-05-17,7
422,Cheyenne,Maxwell,2021-07-01,2025-07-23,60
423,Christine,Baker,2023-12-14,2025-05-21,5
424,Calvin,Walker,2023-06-17,2023-06-23,6
425,Lydia,Avery,2020-12-29,2022-02-03,13
426,Christine,Armstrong,2023-03-26,2023-06-29,9
427,Jocelyn,Brown,2022-05-11,2022-11-06,50
428,Jacob,Levy,2024-06-18,2024-09-27,8
429,Amy,Mccarthy,2024-06-29,2025-01-13,60
430,Theodore,Lee,2021-10-08,2023-03-11,72
431,Gabriel,Carrillo,2021-04-15,2023-02-22,81
432,Deanna,Rich,2023-11-13,2024-10-17,56
433,Heather,Cox,2021-08-28,2022-03-06,4
434,Jacob,Hudson,2023-04-18,2024-05-04,64
435,Michael,Graves,2021-09-15,2023-03-08,53
436,Patricia,Mccoy,2022-07-29,2024-05-21,73
437,Jasmine,Franco,2022-09-14,2023-01-25,70
438,Maria,Daniels,2024-03-26,2024-06-10,26
439,Mikayla,Clark,2022-02-01,2025-02-03,36
440,Taylor,Hayes,2023-02-10,2024-12-03,36
441,Alicia,Jones,2022-11-02,2023-11-24,43
442,Daniel,Knox,2024-07-18,2025-01-25,97
443,William,Swanson,2022-12-03,2024-07-04,38
444,Lindsay,Richardson,2021-10-06,2024-02-29,38
445,Anthony,Peterson,2024-02-26,2024-09-29,88
446,Michael,Stanley,2023-11-30,2025-03-21,75
447,William,Williams,2021-01-12,2021-02-09,95
448,Isabella,Vazquez,2020-11-08,2025-02-27,27
449,Rose,Brown,2023-01-23,2024-02-29,92
450,Robert,Lara,2023-05-27,2023-07-17,50
451,Susan,Smith,2023-08-02,2024-02-16,97
452,Jeffrey,Howard,2024-06-23,2025-07-13,22
453,Bruce,Noble,2024-05-16,2025-05-11,34
454,Brandy,Price,2021-06-16,2021-12-21,66
455,Karen,Patterson,2021-12-08,2024-08-03,7
456,Christopher,Rodriguez,2023-02-11,2025-01-13,87
457,Diana,Chambers,2021-06-11,2023-05-30,50
458,George,Edwards,2022-12-06,2025-01-31,74
459,April,Crawford,2020-08-11,2020-10-24,84
460,Andre,Campbell,2022-01-29,2023-04-01,2
461,Eric,Olsen,2024-04-05,2024-12-15,33
462,Emily,Ruiz,2021-11-06,2025-05-09,71
463,Matthew,Gregory,2021-08-03,2021-10-31,44
464,Jeremy,Barrett,2021-03-31,2023-10-07,70
465,Jonathan,Wong,2021-08-13,2022-05-14,87
466,Isabel,Roberts,2020-10-19,2023-04-09,95
467,Mikayla,Lee,2022-03-05,2024-08-16,49
468,Cindy,Obrien,2021-10-16,2021-10-19,90
469,Lisa,Wagner,2024-02-08,2025-03-16,57
470,Susan,Erickson,2023-01-29,2023-10-09,53
471,Matthew,Dudley,2023-10-20,2025-01-23,50
472,Angelica,Hughes,2023-03-07,2025-03-02,28
473,Elizabeth,Rogers,2023-07-22,2023-11-05,
474,Tammy,Schmitt,2024-01-03,2025-05-28,39
475,Joseph,Moore,2022-08-18,2022-11-20,33
476,Amanda,Perry,2022-10-09,2025-01-13,19
477,Kimberly,Haley,2022-02-17,2025-02-08,38
478,Kim,Chavez,2023-10-07,2024-07-01,
479,Cynthia,Murray,2023-01-29,2023-07-24,64
480,Daniel,Rosales,2022-05-30,2023-12-30,72
481,Darlene,Graham,2021-06-19,2023-09-16,1
482,Melinda,Hill,2022-10-26,2025-06-16,43
483,Jacqueline,Nunez,2020-09-11,2023-07-09,26
484,Elaine,Harding,2023-06-06,2023-08-03,95
485,Eric,Martinez,2023-07-15,2024-07-18,53
486,Mark,Ramos,2024-06-26,2024-11-15,86
487,Jonathan,Baldwin,2022-07-20,2023-11-03,49
488,Andrea,Williams,2023-09-07,2024-11-10,94
489,Julie,Miller,2021-08-20,2023-07-04,3
490,Adrian,Lewis,2022-08-30,2024-05-17,26
491,Sabrina,Burgess,2021-10-31,2022-06-10,47
492,Aaron,Bryant,2023-07-09,2023-09-28,10
493,Heather,Horton,2021-07-01,2024-11-25,33
494,Samuel,Banks,2023-05-01,2025-04-14,18
495,Justin,Cox,2020-11-09,2021-11-23,86
496,Kathleen,Richards,2023-05-27,2023-12-13,43
497,Laurie,Gray,2021-08-12,2024-10-04,55
498,Tracy,Johnson,2024-02-03,2025-07-09,74
499,Stacy,Green,2022-06-27,2025-05-18,14
500,Jason,Sexton,2022-05-12,2024-05-05,28
